EV,BEV250_ld2_300kW
SE,dcfc_50
a,b
0.21120977611462477, 95.15565497017072
-9.133249999999805, 918.8509999999806


